State,Year,Year_Numeric,Central_Release,Expenditure_to_Release_Pct,Previous_Year_Expenditure,Previous_Year_Central_Release,Expenditure
Andaman and Nicobar Islands,2021-22,2021,43.68,71.42857142857143,,,31.2
Andaman and Nicobar Islands,2022-23,2022,45.26,93.41581970835176,31.2,43.68,42.28
Andaman and Nicobar Islands,2023-24,2023,37.84,107.58456659619448,42.28,45.26,40.71
Andhra Pradesh,2021-22,2021,1199.37,204.16301891826544,,,2448.67
Andhra Pradesh,2022-23,2022,1489.45,128.52663734935717,2448.67,1199.37,1914.34
Andhra Pradesh,2023-24,2023,1096.01,222.31731462304177,1914.34,1489.45,2436.62
Arunachal Pradesh,2021-22,2021,188.53,131.81456532116903,,,248.51
Arunachal Pradesh,2022-23,2022,233.82,181.66966042254725,248.51,188.53,424.78
Arunachal Pradesh,2023-24,2023,404.55,98.73686812507724,424.78,233.82,399.44
Assam,2021-22,2021,1955.93,112.19010905298248,,,2194.36
Assam,2022-23,2022,1981.83,116.40756270719488,2194.36,1955.93,2307.0
Assam,2023-24,2023,2257.06,116.38458880136106,2307.0,1981.83,2626.87
Bihar,2021-22,2021,1748.76,108.9543447928818,,,1905.35
Bihar,2022-23,2022,1586.57,234.330032712077,1905.35,1748.76,3717.81
Bihar,2023-24,2023,2032.95,197.2980151995868,3717.81,1586.57,4010.97
Chandigarh,2021-22,2021,17.47,153.74928448769322,,,26.86
Chandigarh,2022-23,2022,38.09,70.83223943292202,26.86,17.47,26.98
Chandigarh,2023-24,2023,30.58,104.15304120340092,26.98,38.09,31.85
Chhattisgarh,2021-22,2021,969.61,189.09149039304464,,,1833.45
Chhattisgarh,2022-23,2022,1195.08,180.1092813870201,1833.45,969.61,2152.45
Chhattisgarh,2023-24,2023,875.8,199.1082438912994,2152.45,1195.08,1743.79
Dadra and Nagar Haveli and Daman and Diu,2021-22,2021,38.59,116.66234775848665,,,45.02
Dadra and Nagar Haveli and Daman and Diu,2022-23,2022,58.28,71.39670555936857,45.02,38.59,41.61
Dadra and Nagar Haveli and Daman and Diu,2023-24,2023,39.92,105.11022044088176,41.61,58.28,41.96
Delhi,2021-22,2021,127.37,186.69231373164797,,,237.79
Delhi,2022-23,2022,35.15,848.1081081081081,237.79,127.37,298.11
Delhi,2023-24,2023,150.54,224.7973960409194,298.11,35.15,338.41
Goa,2021-22,2021,26.01,232.8335255670896,,,60.56
Goa,2022-23,2022,55.42,152.72464814146517,60.56,26.01,84.64
Goa,2023-24,2023,48.97,168.3479681437615,84.64,55.42,82.44
Gujarat,2021-22,2021,1094.48,167.73353556026603,,,1835.81
Gujarat,2022-23,2022,1120.06,204.66314304590827,1835.81,1094.48,2292.35
Gujarat,2023-24,2023,1506.96,243.68596379465944,2292.35,1120.06,3672.25
Haryana,2021-22,2021,577.07,152.4789020396139,,,879.91
Haryana,2022-23,2022,681.21,174.01829098222282,879.91,577.07,1185.43
Haryana,2023-24,2023,524.01,190.60704948378847,1185.43,681.21,998.8
Himachal Pradesh,2021-22,2021,555.09,94.59547100470192,,,525.09
Himachal Pradesh,2022-23,2022,494.65,114.79429899929244,525.09,555.09,567.83
Himachal Pradesh,2023-24,2023,470.36,148.9646228420784,567.83,494.65,700.67
Jammu and Kashmir,2021-22,2021,459.1,169.81267697669352,,,779.61
Jammu and Kashmir,2022-23,2022,651.52,140.75085952848724,779.61,459.1,917.02
Jammu and Kashmir,2023-24,2023,805.22,118.84329748391744,917.02,651.52,956.95
Jharkhand,2021-22,2021,640.18,183.7842481801993,,,1176.55
Jharkhand,2022-23,2022,810.3,184.5205479452055,1176.55,640.18,1495.17
Jharkhand,2023-24,2023,958.06,205.48817401832872,1495.17,810.3,1968.7
Karnataka,2021-22,2021,1274.71,172.66044825881966,,,2200.92
Karnataka,2022-23,2022,1246.67,190.6631265691803,2200.92,1274.71,2376.94
Karnataka,2023-24,2023,1187.6,191.3329403839677,2376.94,1246.67,2272.27
Kerala,2021-22,2021,771.47,159.56031990874564,,,1230.96
Kerala,2022-23,2022,1036.76,153.64790308268067,1230.96,771.47,1592.96
Kerala,2023-24,2023,189.15,565.3819719799102,1592.96,1036.76,1069.42
Ladakh,2021-22,2021,44.79,140.2321946863139,,,62.81
Ladakh,2022-23,2022,94.95,115.5028962611901,62.81,44.79,109.67
Ladakh,2023-24,2023,120.44,99.36067751577548,109.67,94.95,119.67
Lakshadweep,2021-22,2021,8.41,86.32580261593341,,,7.26
Lakshadweep,2022-23,2022,9.97,93.17953861584752,7.26,8.41,9.29
Lakshadweep,2023-24,2023,3.79,187.33509234828492,9.29,9.97,7.1
Madhya Pradesh,2021-22,2021,2295.66,161.82361499525194,,,3714.92
Madhya Pradesh,2022-23,2022,2582.1,173.85655086944735,3714.92,2295.66,4489.15
Madhya Pradesh,2023-24,2023,2545.68,199.52154237767516,4489.15,2582.1,5079.18
Maharashtra,2021-22,2021,1769.67,238.8756095769268,,,4227.31
Maharashtra,2022-23,2022,2187.13,205.82910023638283,4227.31,1769.67,4501.75
Maharashtra,2023-24,2023,2729.3,183.259443813432,4501.75,2187.13,5001.7
Manipur,2021-22,2021,95.59,161.19887017470447,,,154.09
Manipur,2022-23,2022,61.4,349.65798045602605,154.09,95.59,214.69
Manipur,2023-24,2023,169.12,94.20529801324504,214.69,61.4,159.32
Meghalaya,2021-22,2021,282.46,80.39368406146004,,,227.08
Meghalaya,2022-23,2022,261.56,121.99113014222358,227.08,282.46,319.08
Meghalaya,2023-24,2023,261.39,117.00141550939207,319.08,261.56,305.83
Mizoram,2021-22,2021,93.82,163.2487742485611,,,153.16
Mizoram,2022-23,2022,111.82,121.02486138436774,153.16,93.82,135.33
Mizoram,2023-24,2023,134.42,110.31840499925607,135.33,111.82,148.29
Nagaland,2021-22,2021,126.66,151.71324806568768,,,192.16
Nagaland,2022-23,2022,91.38,177.20507769752683,192.16,126.66,161.93
Nagaland,2023-24,2023,184.84,106.41095001082016,161.93,91.38,196.69
Odisha,2021-22,2021,1263.07,204.87542258148795,,,2587.72
Odisha,2022-23,2022,1284.69,264.8498859647074,2587.72,1263.07,3402.5
Odisha,2023-24,2023,1901.77,150.85052345972437,3402.5,1284.69,2868.83
Puducherry,2021-22,2021,21.33,217.3464603844351,,,46.36
Puducherry,2022-23,2022,20.73,234.00868306801732,46.36,21.33,48.51
Puducherry,2023-24,2023,30.8,148.5064935064935,48.51,20.73,45.74
Punjab,2021-22,2021,349.21,263.1539761175224,,,918.96
Punjab,2022-23,2022,448.89,234.88827997950503,918.96,349.21,1054.39
Punjab,2023-24,2023,91.49,1312.9413050606624,1054.39,448.89,1201.21
Rajasthan,2021-22,2021,1924.95,167.79708563858802,,,3230.01
Rajasthan,2022-23,2022,1460.8,255.08009309967144,3230.01,1924.95,3726.21
Rajasthan,2023-24,2023,2785.46,156.1907189476783,3726.21,1460.8,4350.63
Sikkim,2021-22,2021,51.86,88.81604319321251,,,46.06
Sikkim,2022-23,2022,73.3,120.99590723055935,46.06,51.86,88.69
Sikkim,2023-24,2023,68.17,81.69282675663781,88.69,73.3,55.69
Tamil Nadu,2021-22,2021,1631.91,186.2474033494494,,,3039.39
Tamil Nadu,2022-23,2022,1652.24,193.18258848593425,3039.39,1631.91,3191.84
Tamil Nadu,2023-24,2023,1996.06,148.1703956794886,3191.84,1652.24,2957.57
Telangana,2021-22,2021,725.67,214.51210605371588,,,1556.65
Telangana,2022-23,2022,683.77,301.69940184564985,1556.65,725.67,2062.93
Telangana,2023-24,2023,564.93,177.32285415892235,2062.93,683.77,1001.75
Tripura,2021-22,2021,217.95,108.85065381968342,,,237.24
Tripura,2022-23,2022,231.9,123.84648555411816,237.24,217.95,287.2
Tripura,2023-24,2023,264.31,105.03575347130264,287.2,231.9,277.62
Uttar Pradesh,2021-22,2021,3235.46,191.94179498432987,,,6210.2
Uttar Pradesh,2022-23,2022,5133.59,171.97107677083682,6210.2,3235.46,8828.29
Uttar Pradesh,2023-24,2023,4928.14,183.5219778658885,8828.29,5133.59,9044.22
Uttarakhand,2021-22,2021,553.47,109.5036768027174,,,606.07
Uttarakhand,2022-23,2022,505.01,128.14201698976257,606.07,553.47,647.13
Uttarakhand,2023-24,2023,711.33,99.78350414013184,647.13,505.01,709.79
West Bengal,2021-22,2021,1654.26,134.7708340889582,,,2229.46
West Bengal,2022-23,2022,1252.32,280.26862143861,2229.46,1654.26,3509.86
West Bengal,2023-24,2023,890.42,316.45178679724177,3509.86,1252.32,2817.75
