State,Year,SHCs,PHCs,District_Hospitals,PHC_Beds,CHC_Beds,SDH_Beds,District_Hospital_Beds,Medical_College_Beds,Total_Beds,Infrastructure_Availability_Score,Infrastructure_Missingness_Rate,Prototype_Infrastructure_Gap_Score
All India/Total,2022-23,,,,148729.0,180384.0,111557.0,153815.0,224176.0,818661.0,1.0,0.3333333333333333,0.09999999999999999
Andaman and Nicobar Islands,2021-22,124.0,27.0,2.0,,,,,,,0.0009374961784092304,0.6666666666666666,0.8993437526751135
Andaman and Nicobar Islands,2022-23,,,,230.0,210.0,,220.0,700.0,1360.0,0.0013001142695058278,0.4444444444444444,0.8324232533446791
Andhra Pradesh,2021-22,11480.0,1689.0,17.0,,,,,,,0.048698621570916874,0.6666666666666666,0.8659109649003581
Andhra Pradesh,2022-23,,,,8712.0,6400.0,5400.0,2600.0,12583.0,35695.0,0.042783046953859684,0.3333333333333333,0.7700518671322981
Arunachal Pradesh,2021-22,367.0,131.0,19.0,,,,,,,0.009952276432870166,0.6666666666666666,0.8930334064969908
Arunachal Pradesh,2022-23,,,,397.0,594.0,,1151.0,350.0,2492.0,0.003125355848505918,0.4444444444444444,0.8311455842393791
Assam,2021-22,4701.0,1010.0,25.0,,,,,,,0.030927057867171953,0.6666666666666666,0.8783510594929795
Assam,2022-23,,,,3166.0,6218.0,844.0,3677.0,9343.0,23248.0,0.025812169068816188,0.3333333333333333,0.7819314816518286
Bihar,2021-22,10399.0,1760.0,36.0,,,,,,,0.0555022866210938,0.6666666666666666,0.8611483993652342
Bihar,2022-23,,,,5596.0,8039.0,2459.0,4575.0,7251.0,27920.0,0.032998305219325126,0.3333333333333333,0.7769011863464723
Chandigarh,2021-22,0.0,43.0,1.0,,,,,,,0.0004186930335920642,0.6666666666666666,0.8997069148764855
Chandigarh,2022-23,,,,23.0,120.0,100.0,527.0,3096.0,3866.0,0.0035299693109597293,0.3333333333333333,0.7975290214823282
Chhattisgarh,2021-22,5494.0,822.0,27.0,,,,,,,0.03141247614930445,0.6666666666666666,0.8780112666954868
Chhattisgarh,2022-23,,,,5015.0,6726.0,629.0,3542.0,4458.0,20370.0,0.023662619151682992,0.3333333333333333,0.7834361665938219
Dadra and Nagar Haveli and Daman and Diu,2021-22,97.0,14.0,2.0,,,,,,,0.0007423175743824077,0.6666666666666666,0.8994803776979322
Dadra and Nagar Haveli and Daman and Diu,2022-23,,,,177.0,132.0,100.0,240.0,589.0,1238.0,0.001000604146724019,0.3333333333333333,0.7992995770972932
Delhi,2021-22,14.0,550.0,40.0,,,,,,,0.02286181886709948,0.6666666666666666,0.8839967267930303
Delhi,2022-23,,,,12.0,,431.0,9789.0,12060.0,22292.0,0.029272241456060243,0.4444444444444444,0.8128427643140911
Goa,2021-22,219.0,28.0,2.0,,,,,,,0.001143911699150128,0.6666666666666666,0.8991992618105948
Goa,2022-23,,,,183.0,210.0,253.0,600.0,1342.0,2588.0,0.002533843410030174,0.3333333333333333,0.7982263096129788
Gujarat,2021-22,9132.0,1804.0,20.0,,,,,,,0.0464023314740186,0.6666666666666666,0.8675183679681869
Gujarat,2022-23,,,,9422.0,11167.0,4492.0,3257.0,17899.0,46237.0,0.053444641093084576,0.3333333333333333,0.7625887512348407
Haryana,2021-22,2653.0,497.0,22.0,,,,,,,0.01989570651674291,0.6666666666666666,0.8860730054382799
Haryana,2022-23,,,,2183.0,3079.0,1581.0,3647.0,3660.0,14150.0,0.016793955510755854,0.3333333333333333,0.7882442311424708
Himachal Pradesh,2021-22,2115.0,570.0,9.0,,,,,,,0.01391415525027552,0.6666666666666666,0.8902600913248071
Himachal Pradesh,2022-23,,,,1005.0,969.0,3665.0,1924.0,2632.0,10195.0,0.013199245380164574,0.3333333333333333,0.7907605282338848
Jammu and Kashmir,2021-22,2471.0,973.0,15.0,,,,,,,0.021584900298561582,0.6666666666666666,0.8848905697910069
Jammu and Kashmir,2022-23,,,,3955.0,2769.0,,1862.0,5420.0,14006.0,0.018591017184141037,0.4444444444444444,0.8203196213044346
Jharkhand,2021-22,3848.0,361.0,21.0,,,,,,,0.020461933678553323,0.6666666666666666,0.8856766464250126
Jharkhand,2022-23,,,,1229.0,3647.0,534.0,3215.0,2900.0,11525.0,0.013116600301253382,0.3333333333333333,0.7908183797891226
Karnataka,2021-22,9272.0,2521.0,16.0,,,,,,,0.052647568056956785,0.6666666666666666,0.8631467023601301
Karnataka,2022-23,,,,15112.0,6500.0,14530.0,6174.0,13712.0,56028.0,0.07254470791892594,0.3333333333333333,0.7492187044567518
Kerala,2021-22,5412.0,944.0,48.0,,,,,,,0.04169171247929815,0.6666666666666666,0.8708158012644912
Kerala,2022-23,,,,5727.0,6371.0,8347.0,15113.0,7175.0,42733.0,0.05478342632059219,0.3333333333333333,0.7616516015755854
Ladakh,2021-22,288.0,33.0,2.0,,,,,,,0.0013397156230238484,0.6666666666666666,0.8990621990638833
Ladakh,2022-23,,,,320.0,190.0,,370.0,,880.0,0.0014550383405080112,0.5555555555555556,0.865648139828311
Lakshadweep,2021-22,9.0,4.0,1.0,,,,,,,1.8538086498711603e-05,0.6666666666666666,0.8999870233394508
Lakshadweep,2022-23,,,,40.0,90.0,70.0,50.0,,250.0,0.0002139862951562361,0.4444444444444444,0.8331835429267239
Madhya Pradesh,2021-22,10287.0,1572.0,52.0,,,,,,,0.060215851450441005,0.6666666666666666,0.8578489039846913
Madhya Pradesh,2022-23,,,,8640.0,10590.0,9721.0,16650.0,5850.0,51451.0,0.06645445719870809,0.3333333333333333,0.7534818799609042
Maharashtra,2021-22,10673.0,2539.0,23.0,,,,,,,0.05877270019418532,0.6666666666666666,0.8588591098640702
Maharashtra,2022-23,,,,18276.0,15004.0,7903.0,4108.0,16998.0,45291.0,0.07206840748493114,0.3333333333333333,0.7495521147605482
Manipur,2021-22,416.0,95.0,7.0,,,,,,,0.004444788022874294,0.6666666666666666,0.896888648383988
Manipur,2022-23,,,,420.0,365.0,10.0,551.0,1449.0,2795.0,0.0026483266242175257,0.3333333333333333,0.7981461713630477
Meghalaya,2021-22,459.0,147.0,11.0,,,,,,,0.006832260297007282,0.6666666666666666,0.8952174177920948
Meghalaya,2022-23,,,,1127.0,867.0,40.0,1960.0,594.0,4588.0,0.005205086227609428,0.3333333333333333,0.7963564396406734
Mizoram,2021-22,373.0,66.0,12.0,,,,,,,0.006220686367534404,0.6666666666666666,0.8956455195427259
Mizoram,2022-23,,,,655.0,240.0,70.0,903.0,500.0,2368.0,0.002473753762651587,0.3333333333333333,0.7982683723661438
Nagaland,2021-22,452.0,136.0,12.0,,,,,,,0.0071349098879490225,0.6666666666666666,0.8950055630784356
Nagaland,2022-23,,,,706.0,325.0,,1017.0,,2048.0,0.0036997705302853497,0.5555555555555556,0.8640768272954669
Odisha,2021-22,6688.0,1393.0,32.0,,,,,,,0.04217776277987479,0.6666666666666666,0.8704755660540875
Odisha,2022-23,,,,1501.0,6290.0,1946.0,7288.0,9291.0,26316.0,0.030159333276581907,0.3333333333333333,0.7788884667063926
Puducherry,2021-22,81.0,39.0,4.0,,,,,,,0.0018480759655608834,0.6666666666666666,0.8987063468241073
Puducherry,2022-23,,,,185.0,120.0,,1853.0,2794.0,4952.0,0.006012709311557887,0.4444444444444444,0.8291244368152427
Punjab,2021-22,2951.0,522.0,23.0,,,,,,,0.021213077138414003,0.6666666666666666,0.8851508460031101
Punjab,2022-23,,,,1688.0,3711.0,2509.0,3931.0,3160.0,14999.0,0.018318213262930417,0.3333333333333333,0.7871772507159487
Rajasthan,2021-22,13589.0,2409.0,30.0,,,,,,,0.06642952384147578,0.6666666666666666,0.8534993333109668
Rajasthan,2022-23,,,,13866.0,23820.0,2500.0,9474.0,17131.0,66791.0,0.07749382777726162,0.3333333333333333,0.7457543205559167
Sikkim,2021-22,153.0,26.0,4.0,,,,,,,0.0018568163130198883,0.6666666666666666,0.8987002285808859
Sikkim,2022-23,,,,257.0,28.0,,400.0,,685.0,0.0011137856952578532,0.5555555555555556,0.865887016679986
Tamil Nadu,2021-22,8713.0,1886.0,20.0,,,,,,,0.04641960950055849,0.6666666666666666,0.867506273349609
Tamil Nadu,2022-23,,,,10025.0,12582.0,21978.0,7695.0,29888.0,82168.0,0.10260944649447638,0.3333333333333333,0.7281733874538665
Telangana,2021-22,4910.0,834.0,5.0,,,,,,,0.020764846729379647,0.6666666666666666,0.8854646072894342
Telangana,2022-23,,,,4662.0,3320.0,5400.0,2270.0,5960.0,21612.0,0.02724069942359614,0.3333333333333333,0.7809315104034826
Total,2021-22,161829.0,31053.0,767.0,,,,,,,1.0,0.6666666666666666,0.19999999999999998
Tripura,2021-22,1000.0,117.0,7.0,,,,,,,0.005883889671722968,0.6666666666666666,0.8958812772297938
Tripura,2022-23,,,,918.0,630.0,900.0,1260.0,727.0,4435.0,0.005345952170365071,0.3333333333333333,0.7962578334807444
Uttar Pradesh,2021-22,20781.0,3513.0,169.0,,,,,,,0.1535831286383559,0.6666666666666666,0.7924918099531508
Uttar Pradesh,2022-23,,,,13548.0,26157.0,,22812.0,14726.0,77243.0,0.10844576927963752,0.4444444444444444,0.757421294837587
Uttarakhand,2021-22,1851.0,607.0,13.0,,,,,,,0.015508237013912773,0.6666666666666666,0.889144234090261
Uttarakhand,2022-23,,,,2111.0,1699.0,2035.0,1511.0,1850.0,9206.0,0.01144652512413828,0.3333333333333333,0.7919874324131032
West Bengal,2021-22,10357.0,1371.0,18.0,,,,,,,0.04340668276133213,0.6666666666666666,0.8696153220670675
West Bengal,2022-23,,,,7640.0,11205.0,13110.0,7599.0,25086.0,64640.0,0.07816481337373292,0.3333333333333333,0.7452846306383869
