State,Year,SHCs,PHCs,District_Hospitals,PHC_Beds,CHC_Beds,SDH_Beds,District_Hospital_Beds,Medical_College_Beds,Total_Beds
All India/Total,2022-23,,,,148729.0,180384.0,111557.0,153815.0,224176.0,818661.0
Andaman and Nicobar Islands,2021-22,124.0,27.0,2.0,,,,,,
Andaman and Nicobar Islands,2022-23,,,,230.0,210.0,,220.0,700.0,1360.0
Andhra Pradesh,2021-22,11480.0,1689.0,17.0,,,,,,
Andhra Pradesh,2022-23,,,,8712.0,6400.0,5400.0,2600.0,12583.0,35695.0
Arunachal Pradesh,2021-22,367.0,131.0,19.0,,,,,,
Arunachal Pradesh,2022-23,,,,397.0,594.0,,1151.0,350.0,2492.0
Assam,2021-22,4701.0,1010.0,25.0,,,,,,
Assam,2022-23,,,,3166.0,6218.0,844.0,3677.0,9343.0,23248.0
Bihar,2021-22,10399.0,1760.0,36.0,,,,,,
Bihar,2022-23,,,,5596.0,8039.0,2459.0,4575.0,7251.0,27920.0
Chandigarh,2021-22,0.0,43.0,1.0,,,,,,
Chandigarh,2022-23,,,,23.0,120.0,100.0,527.0,3096.0,3866.0
Chhattisgarh,2021-22,5494.0,822.0,27.0,,,,,,
Chhattisgarh,2022-23,,,,5015.0,6726.0,629.0,3542.0,4458.0,20370.0
Dadra and Nagar Haveli and Daman and Diu,2021-22,97.0,14.0,2.0,,,,,,
Dadra and Nagar Haveli and Daman and Diu,2022-23,,,,177.0,132.0,100.0,240.0,589.0,1238.0
Delhi,2021-22,14.0,550.0,40.0,,,,,,
Delhi,2022-23,,,,12.0,,431.0,9789.0,12060.0,22292.0
Goa,2021-22,219.0,28.0,2.0,,,,,,
Goa,2022-23,,,,183.0,210.0,253.0,600.0,1342.0,2588.0
Gujarat,2021-22,9132.0,1804.0,20.0,,,,,,
Gujarat,2022-23,,,,9422.0,11167.0,4492.0,3257.0,17899.0,46237.0
Haryana,2021-22,2653.0,497.0,22.0,,,,,,
Haryana,2022-23,,,,2183.0,3079.0,1581.0,3647.0,3660.0,14150.0
Himachal Pradesh,2021-22,2115.0,570.0,9.0,,,,,,
Himachal Pradesh,2022-23,,,,1005.0,969.0,3665.0,1924.0,2632.0,10195.0
Jammu and Kashmir,2021-22,2471.0,973.0,15.0,,,,,,
Jammu and Kashmir,2022-23,,,,3955.0,2769.0,,1862.0,5420.0,14006.0
Jharkhand,2021-22,3848.0,361.0,21.0,,,,,,
Jharkhand,2022-23,,,,1229.0,3647.0,534.0,3215.0,2900.0,11525.0
Karnataka,2021-22,9272.0,2521.0,16.0,,,,,,
Karnataka,2022-23,,,,15112.0,6500.0,14530.0,6174.0,13712.0,56028.0
Kerala,2021-22,5412.0,944.0,48.0,,,,,,
Kerala,2022-23,,,,5727.0,6371.0,8347.0,15113.0,7175.0,42733.0
Ladakh,2021-22,288.0,33.0,2.0,,,,,,
Ladakh,2022-23,,,,320.0,190.0,,370.0,,880.0
Lakshadweep,2021-22,9.0,4.0,1.0,,,,,,
Lakshadweep,2022-23,,,,40.0,90.0,70.0,50.0,,250.0
Madhya Pradesh,2021-22,10287.0,1572.0,52.0,,,,,,
Madhya Pradesh,2022-23,,,,8640.0,10590.0,9721.0,16650.0,5850.0,51451.0
Maharashtra,2021-22,10673.0,2539.0,23.0,,,,,,
Maharashtra,2022-23,,,,18276.0,15004.0,7903.0,4108.0,16998.0,45291.0
Manipur,2021-22,416.0,95.0,7.0,,,,,,
Manipur,2022-23,,,,420.0,365.0,10.0,551.0,1449.0,2795.0
Meghalaya,2021-22,459.0,147.0,11.0,,,,,,
Meghalaya,2022-23,,,,1127.0,867.0,40.0,1960.0,594.0,4588.0
Mizoram,2021-22,373.0,66.0,12.0,,,,,,
Mizoram,2022-23,,,,655.0,240.0,70.0,903.0,500.0,2368.0
Nagaland,2021-22,452.0,136.0,12.0,,,,,,
Nagaland,2022-23,,,,706.0,325.0,,1017.0,,2048.0
Odisha,2021-22,6688.0,1393.0,32.0,,,,,,
Odisha,2022-23,,,,1501.0,6290.0,1946.0,7288.0,9291.0,26316.0
Puducherry,2021-22,81.0,39.0,4.0,,,,,,
Puducherry,2022-23,,,,185.0,120.0,,1853.0,2794.0,4952.0
Punjab,2021-22,2951.0,522.0,23.0,,,,,,
Punjab,2022-23,,,,1688.0,3711.0,2509.0,3931.0,3160.0,14999.0
Rajasthan,2021-22,13589.0,2409.0,30.0,,,,,,
Rajasthan,2022-23,,,,13866.0,23820.0,2500.0,9474.0,17131.0,66791.0
Sikkim,2021-22,153.0,26.0,4.0,,,,,,
Sikkim,2022-23,,,,257.0,28.0,,400.0,,685.0
Tamil Nadu,2021-22,8713.0,1886.0,20.0,,,,,,
Tamil Nadu,2022-23,,,,10025.0,12582.0,21978.0,7695.0,29888.0,82168.0
Telangana,2021-22,4910.0,834.0,5.0,,,,,,
Telangana,2022-23,,,,4662.0,3320.0,5400.0,2270.0,5960.0,21612.0
Total,2021-22,161829.0,31053.0,767.0,,,,,,
Tripura,2021-22,1000.0,117.0,7.0,,,,,,
Tripura,2022-23,,,,918.0,630.0,900.0,1260.0,727.0,4435.0
Uttar Pradesh,2021-22,20781.0,3513.0,169.0,,,,,,
Uttar Pradesh,2022-23,,,,13548.0,26157.0,,22812.0,14726.0,77243.0
Uttarakhand,2021-22,1851.0,607.0,13.0,,,,,,
Uttarakhand,2022-23,,,,2111.0,1699.0,2035.0,1511.0,1850.0,9206.0
West Bengal,2021-22,10357.0,1371.0,18.0,,,,,,
West Bengal,2022-23,,,,7640.0,11205.0,13110.0,7599.0,25086.0,64640.0
