State,Year,Central_Release,Expenditure,Expenditure_to_Release_Pct
Andaman and Nicobar Islands,2021-22,43.68,31.2,71.42857142857143
Andaman and Nicobar Islands,2022-23,45.26,42.28,93.41581970835176
Andaman and Nicobar Islands,2023-24,37.84,40.71,107.58456659619449
Andhra Pradesh,2021-22,1199.37,2448.67,204.16301891826544
Andhra Pradesh,2022-23,1489.45,1914.34,128.52663734935715
Andhra Pradesh,2023-24,1096.01,2436.62,222.31731462304177
Arunachal Pradesh,2021-22,188.53,248.51,131.81456532116903
Arunachal Pradesh,2022-23,233.82,424.78,181.66966042254725
Arunachal Pradesh,2023-24,404.55,399.44,98.73686812507725
Assam,2021-22,1955.93,2194.36,112.19010905298248
Assam,2022-23,1981.83,2307.0,116.40756270719488
Assam,2023-24,2257.06,2626.87,116.38458880136106
Bihar,2021-22,1748.76,1905.35,108.95434479288181
Bihar,2022-23,1586.57,3717.81,234.330032712077
Bihar,2023-24,2032.95,4010.97,197.29801519958679
Chandigarh,2021-22,17.47,26.86,153.74928448769322
Chandigarh,2022-23,38.09,26.98,70.83223943292202
Chandigarh,2023-24,30.58,31.85,104.15304120340092
Chhattisgarh,2021-22,969.61,1833.45,189.09149039304464
Chhattisgarh,2022-23,1195.08,2152.45,180.1092813870201
Chhattisgarh,2023-24,875.8,1743.79,199.1082438912994
Dadra and Nagar Haveli and Daman and Diu,2021-22,38.59,45.02,116.66234775848665
Dadra and Nagar Haveli and Daman and Diu,2022-23,58.28,41.61,71.39670555936857
Dadra and Nagar Haveli and Daman and Diu,2023-24,39.92,41.96,105.11022044088176
Delhi,2021-22,127.37,237.79,186.69231373164794
Delhi,2022-23,35.15,298.11,848.1081081081081
Delhi,2023-24,150.54,338.41,224.7973960409194
Goa,2021-22,26.01,60.56,232.83352556708957
Goa,2022-23,55.42,84.64,152.72464814146517
Goa,2023-24,48.97,82.44,168.3479681437615
Gujarat,2021-22,1094.48,1835.81,167.73353556026603
Gujarat,2022-23,1120.06,2292.35,204.66314304590827
Gujarat,2023-24,1506.96,3672.25,243.68596379465944
Haryana,2021-22,577.07,879.91,152.4789020396139
Haryana,2022-23,681.21,1185.43,174.01829098222282
Haryana,2023-24,524.01,998.8,190.60704948378847
Himachal Pradesh,2021-22,555.09,525.09,94.59547100470193
Himachal Pradesh,2022-23,494.65,567.83,114.79429899929244
Himachal Pradesh,2023-24,470.36,700.67,148.9646228420784
Jammu and Kashmir,2021-22,459.1,779.61,169.81267697669352
Jammu and Kashmir,2022-23,651.52,917.02,140.75085952848724
Jammu and Kashmir,2023-24,805.22,956.95,118.84329748391744
Jharkhand,2021-22,640.18,1176.55,183.7842481801993
Jharkhand,2022-23,810.3,1495.17,184.5205479452055
Jharkhand,2023-24,958.06,1968.7,205.48817401832872
Karnataka,2021-22,1274.71,2200.92,172.66044825881966
Karnataka,2022-23,1246.67,2376.94,190.6631265691803
Karnataka,2023-24,1187.6,2272.27,191.3329403839677
Kerala,2021-22,771.47,1230.96,159.56031990874564
Kerala,2022-23,1036.76,1592.96,153.64790308268067
Kerala,2023-24,189.15,1069.42,565.3819719799102
Lakshadweep,2021-22,8.41,7.26,86.32580261593341
Lakshadweep,2022-23,9.97,9.29,93.17953861584752
Lakshadweep,2023-24,3.79,7.1,187.33509234828495
Madhya Pradesh,2021-22,2295.66,3714.92,161.82361499525194
Madhya Pradesh,2022-23,2582.1,4489.15,173.85655086944735
Madhya Pradesh,2023-24,2545.68,5079.18,199.52154237767513
Maharashtra,2021-22,1769.67,4227.31,238.8756095769268
Maharashtra,2022-23,2187.13,4501.75,205.82910023638283
Maharashtra,2023-24,2729.3,5001.7,183.259443813432
Manipur,2021-22,95.59,154.09,161.19887017470447
Manipur,2022-23,61.4,214.69,349.65798045602605
Manipur,2023-24,169.12,159.32,94.20529801324503
Meghalaya,2021-22,282.46,227.08,80.39368406146004
Meghalaya,2022-23,261.56,319.08,121.99113014222358
Meghalaya,2023-24,261.39,305.83,117.00141550939209
Mizoram,2021-22,93.82,153.16,163.2487742485611
Mizoram,2022-23,111.82,135.33,121.02486138436774
Mizoram,2023-24,134.42,148.29,110.31840499925607
Nagaland,2021-22,126.66,192.16,151.71324806568768
Nagaland,2022-23,91.38,161.93,177.20507769752683
Nagaland,2023-24,184.84,196.69,106.41095001082017
Odisha,2021-22,1263.07,2587.72,204.87542258148795
Odisha,2022-23,1284.69,3402.5,264.8498859647074
Odisha,2023-24,1901.77,2868.83,150.85052345972437
Puducherry,2021-22,21.33,46.36,217.3464603844351
Puducherry,2022-23,20.73,48.51,234.00868306801735
Puducherry,2023-24,30.8,45.74,148.5064935064935
Punjab,2021-22,349.21,918.96,263.1539761175224
Punjab,2022-23,448.89,1054.39,234.88827997950503
Punjab,2023-24,91.49,1201.21,1312.9413050606624
Rajasthan,2021-22,1924.95,3230.01,167.79708563858802
Rajasthan,2022-23,1460.8,3726.21,255.08009309967142
Rajasthan,2023-24,2785.46,4350.63,156.1907189476783
Sikkim,2021-22,51.86,46.06,88.81604319321251
Sikkim,2022-23,73.3,88.69,120.99590723055935
Sikkim,2023-24,68.17,55.69,81.69282675663781
Tamil Nadu,2021-22,1631.91,3039.39,186.2474033494494
Tamil Nadu,2022-23,1652.24,3191.84,193.18258848593425
Tamil Nadu,2023-24,1996.06,2957.57,148.1703956794886
Tripura,2021-22,217.95,237.24,108.85065381968342
Tripura,2022-23,231.9,287.2,123.84648555411815
Tripura,2023-24,264.31,277.62,105.03575347130263
Uttar Pradesh,2021-22,3235.46,6210.2,191.94179498432987
Uttar Pradesh,2022-23,5133.59,8828.29,171.97107677083682
Uttar Pradesh,2023-24,4928.14,9044.22,183.52197786588852
Uttarakhand,2021-22,553.47,606.07,109.5036768027174
Uttarakhand,2022-23,505.01,647.13,128.14201698976257
Uttarakhand,2023-24,711.33,709.79,99.78350414013185
West Bengal,2021-22,1654.26,2229.46,134.7708340889582
West Bengal,2022-23,1252.32,3509.86,280.26862143860996
West Bengal,2023-24,890.42,2817.75,316.45178679724177
Telangana,2021-22,725.67,1556.65,214.51210605371588
Telangana,2022-23,683.77,2062.93,301.69940184564985
Telangana,2023-24,564.93,1001.75,177.32285415892235
Ladakh,2021-22,44.79,62.81,140.2321946863139
Ladakh,2022-23,94.95,109.67,115.5028962611901
Ladakh,2023-24,120.44,119.67,99.36067751577549
