State,Year,Actual_Expenditure,Predicted_Expenditure,Model
Andaman and Nicobar Islands,2023-24,40.71,44.79296847039814,Linear Regression
Andhra Pradesh,2023-24,2436.62,1536.836348563061,Linear Regression
Arunachal Pradesh,2023-24,399.44,649.7465309924024,Linear Regression
Assam,2023-24,2626.87,2549.318025887127,Linear Regression
Bihar,2023-24,4010.97,4904.131148698415,Linear Regression
Chandigarh,2023-24,31.85,33.59498807568457,Linear Regression
Chhattisgarh,2023-24,1743.79,2257.7719665378163,Linear Regression
Dadra and Nagar Haveli and Daman and Diu,2023-24,41.96,39.22578549104469,Linear Regression
Delhi,2023-24,338.41,351.5801834591457,Linear Regression
Goa,2023-24,82.44,109.8922625734474,Linear Regression
Gujarat,2023-24,3672.25,2792.391736755336,Linear Regression
Haryana,2023-24,998.8,1315.8512858460845,Linear Regression
Himachal Pradesh,2023-24,700.67,544.3912696658151,Linear Regression
Jammu and Kashmir,2023-24,956.95,1189.2278220256221,Linear Regression
Jharkhand,2023-24,1968.7,1852.219244301114,Linear Regression
Karnataka,2023-24,2272.27,2423.7790938470735,Linear Regression
Kerala,2023-24,1069.42,1424.861890582036,Linear Regression
Ladakh,2023-24,119.67,177.9549351560047,Linear Regression
Lakshadweep,2023-24,7.1,7.525679361652919,Linear Regression
Madhya Pradesh,2023-24,5079.18,5050.053678899315,Linear Regression
Maharashtra,2023-24,5001.7,5205.070551657287,Linear Regression
Manipur,2023-24,159.32,294.8653371755963,Linear Regression
Meghalaya,2023-24,305.83,358.7242863148879,Linear Regression
Mizoram,2023-24,148.29,148.7512249235449,Linear Regression
Nagaland,2023-24,196.69,182.59269847548126,Linear Regression
Odisha,2023-24,2868.83,4237.729263468016,Linear Regression
Puducherry,2023-24,45.74,55.45218385640874,Linear Regression
Punjab,2023-24,1201.21,967.4308216087195,Linear Regression
Rajasthan,2023-24,4350.63,4550.692819232175,Linear Regression
Sikkim,2023-24,55.69,120.73470904122632,Linear Regression
Tamil Nadu,2023-24,2957.57,3494.590338996406,Linear Regression
Telangana,2023-24,1001.75,2249.2648095445115,Linear Regression
Tripura,2023-24,277.62,341.922728406352,Linear Regression
Uttar Pradesh,2023-24,9044.22,11174.749117938163,Linear Regression
Uttarakhand,2023-24,709.79,768.278406230991,Linear Regression
West Bengal,2023-24,2817.75,3785.0995321095243,Linear Regression
Andaman and Nicobar Islands,2023-24,40.71,109.50527981596377,Random Forest
Andhra Pradesh,2023-24,2436.62,2793.9683876719573,Random Forest
Arunachal Pradesh,2023-24,399.44,496.53807882301123,Random Forest
Assam,2023-24,2626.87,3860.7167641823003,Random Forest
Bihar,2023-24,4010.97,4312.505591827804,Random Forest
Chandigarh,2023-24,31.85,109.50527981596377,Random Forest
Chhattisgarh,2023-24,1743.79,2112.2279295695052,Random Forest
Dadra and Nagar Haveli and Daman and Diu,2023-24,41.96,109.50527981596377,Random Forest
Delhi,2023-24,338.41,254.6739858548214,Random Forest
Goa,2023-24,82.44,110.984175054059,Random Forest
Gujarat,2023-24,3672.25,2537.8592236195286,Random Forest
Haryana,2023-24,998.8,1301.1829813756624,Random Forest
Himachal Pradesh,2023-24,700.67,652.1835473280421,Random Forest
Jammu and Kashmir,2023-24,956.95,1337.6452025060134,Random Forest
Jharkhand,2023-24,1968.7,1918.7594778763828,Random Forest
Karnataka,2023-24,2272.27,2785.2428312962943,Random Forest
Kerala,2023-24,1069.42,1835.2868034399316,Random Forest
Ladakh,2023-24,119.67,136.38932685429583,Random Forest
Lakshadweep,2023-24,7.1,109.50527981596377,Random Forest
Madhya Pradesh,2023-24,5079.18,5705.311694444444,Random Forest
Maharashtra,2023-24,5001.7,5705.311694444444,Random Forest
Manipur,2023-24,159.32,184.67994644378035,Random Forest
Meghalaya,2023-24,305.83,343.1557728996286,Random Forest
Mizoram,2023-24,148.29,144.69150922803323,Random Forest
Nagaland,2023-24,196.69,160.9319651463741,Random Forest
Odisha,2023-24,2868.83,3704.5314618807124,Random Forest
Puducherry,2023-24,45.74,110.18600838739236,Random Forest
Punjab,2023-24,1201.21,1005.2805159883964,Random Forest
Rajasthan,2023-24,4350.63,4652.050073573834,Random Forest
Sikkim,2023-24,55.69,115.60672702375604,Random Forest
Tamil Nadu,2023-24,2957.57,4051.1784094468503,Random Forest
Telangana,2023-24,1001.75,1801.03760521164,Random Forest
Tripura,2023-24,277.62,343.1557728996286,Random Forest
Uttar Pradesh,2023-24,9044.22,5705.311694444444,Random Forest
Uttarakhand,2023-24,709.79,832.3711016594514,Random Forest
West Bengal,2023-24,2817.75,3501.744675582008,Random Forest
Andaman and Nicobar Islands,2023-24,40.71,269.4479064941406,XGBoost
Andhra Pradesh,2023-24,2436.62,2732.24267578125,XGBoost
Arunachal Pradesh,2023-24,399.44,460.5702819824219,XGBoost
Assam,2023-24,2626.87,3382.4541015625,XGBoost
Bihar,2023-24,4010.97,3323.55517578125,XGBoost
Chandigarh,2023-24,31.85,269.4479064941406,XGBoost
Chhattisgarh,2023-24,1743.79,1971.404296875,XGBoost
Dadra and Nagar Haveli and Daman and Diu,2023-24,41.96,269.4479064941406,XGBoost
Delhi,2023-24,338.41,437.8755187988281,XGBoost
Goa,2023-24,82.44,269.4479064941406,XGBoost
Gujarat,2023-24,3672.25,2172.726806640625,XGBoost
Haryana,2023-24,998.8,1077.77099609375,XGBoost
Himachal Pradesh,2023-24,700.67,580.0602416992188,XGBoost
Jammu and Kashmir,2023-24,956.95,1482.4317626953125,XGBoost
Jharkhand,2023-24,1968.7,1592.2001953125,XGBoost
Karnataka,2023-24,2272.27,2036.9835205078125,XGBoost
Kerala,2023-24,1069.42,1439.44189453125,XGBoost
Ladakh,2023-24,119.67,279.5642395019531,XGBoost
Lakshadweep,2023-24,7.1,269.4479064941406,XGBoost
Madhya Pradesh,2023-24,5079.18,4135.37841796875,XGBoost
Maharashtra,2023-24,5001.7,4073.36669921875,XGBoost
Manipur,2023-24,159.32,287.25262451171875,XGBoost
Meghalaya,2023-24,305.83,437.8755187988281,XGBoost
Mizoram,2023-24,148.29,279.5642395019531,XGBoost
Nagaland,2023-24,196.69,279.5642395019531,XGBoost
Odisha,2023-24,2868.83,3264.435791015625,XGBoost
Puducherry,2023-24,45.74,269.4479064941406,XGBoost
Punjab,2023-24,1201.21,873.8555908203125,XGBoost
Rajasthan,2023-24,4350.63,3953.600830078125,XGBoost
Sikkim,2023-24,55.69,269.4479064941406,XGBoost
Tamil Nadu,2023-24,2957.57,3165.34326171875,XGBoost
Telangana,2023-24,1001.75,1540.25048828125,XGBoost
Tripura,2023-24,277.62,460.5702819824219,XGBoost
Uttar Pradesh,2023-24,9044.22,5514.45263671875,XGBoost
Uttarakhand,2023-24,709.79,1066.042236328125,XGBoost
West Bengal,2023-24,2817.75,2302.27392578125,XGBoost
