State,Year_Numeric,Expenditure,linear_regression_prediction,random_forest_prediction,xgboost_prediction
Andaman and Nicobar Islands,2022,42.28,31.6047201685833,111.33155459254614,42.525005
Andaman and Nicobar Islands,2023,40.71,51.38527983141171,111.33155459254614,40.47284
Andhra Pradesh,2022,1914.34,2163.3697832904836,2682.0131498852516,1916.2583
Andhra Pradesh,2023,2436.62,2187.590216709513,2523.271374827054,2435.4429
Arunachal Pradesh,2022,424.78,349.47411626587814,295.029160414563,424.17236
Arunachal Pradesh,2023,399.44,474.7458837341251,359.66381756872,399.27042
Assam,2022,2307.0,2368.5226432732643,2971.73761233494,2307.9636
Assam,2023,2626.87,2565.3473567267347,3293.0006185792026,2626.6067
Bihar,2022,3717.81,3930.240235829324,2944.690778121468,3717.372
Bihar,2023,4010.97,3798.539764170677,4164.134742047397,4011.5103
Chandigarh,2022,26.98,13.598373460585208,111.33155459254614,27.040703
Chandigarh,2023,31.85,45.23162653941654,111.33155459254614,31.494371
Chhattisgarh,2022,2152.45,2014.7417056157876,2156.740061091272,2151.7563
Chhattisgarh,2023,1743.79,1881.4982943842124,2028.60210730581,1743.628
Dadra and Nagar Haveli and Daman and Diu,2022,41.61,29.402940660957256,111.33155459254614,42.668774
Dadra and Nagar Haveli and Daman and Diu,2023,41.96,54.1670593390445,111.33155459254614,41.765068
Delhi,2022,298.11,296.9758225465696,245.60889212793137,298.09427
Delhi,2023,338.41,339.5441774534313,257.08950845194335,337.81134
Goa,2022,84.64,67.57153672111053,111.33155459254614,84.40298
Goa,2023,82.44,99.5084632788894,111.33155459254614,82.19305
Gujarat,2022,2292.35,2882.2694297733624,2199.2845231883034,2292.6365
Gujarat,2023,3672.25,3082.330570226639,2741.0063539121506,3670.7068
Haryana,2022,1185.43,1135.1094538535335,1122.9381871970465,1184.3849
Haryana,2023,998.8,1049.1205461464674,1099.8640735366328,998.73376
Himachal Pradesh,2022,567.83,648.8793190886473,600.9347138801595,567.92755
Himachal Pradesh,2023,700.67,619.620680911354,643.7655450123478,700.1335
Jammu and Kashmir,2022,917.02,838.5591000462854,1003.0728705820871,916.8115
Jammu and Kashmir,2023,956.95,1035.4108999537154,1244.0277345654185,958.12366
Jharkhand,2022,1495.17,1659.5195363337007,1382.8045387041504,1496.2781
Jharkhand,2023,1968.7,1804.3504636663,1968.3513013572071,1968.4805
Karnataka,2022,2376.94,2355.9181549940204,2691.423310410382,2377.8252
Karnataka,2023,2272.27,2293.291845005978,2543.7987794201595,2272.313
Kerala,2022,1592.96,1565.2135991751882,1938.2942908493278,1592.8864
Kerala,2023,1069.42,1097.1664008248104,1436.5332291019843,1070.3085
Ladakh,2022,109.67,85.26611633677362,111.33155459254614,108.2206
Ladakh,2023,119.67,144.07388366322857,114.24402431476834,121.629234
Lakshadweep,2022,9.29,-3.0150879500854444,111.33155459254614,9.501766
Lakshadweep,2023,7.1,19.405087950088046,111.33155459254614,7.9697375
Madhya Pradesh,2022,4489.15,4788.765841679249,4483.964776388981,4489.034
Madhya Pradesh,2023,5079.18,4779.56415832075,5549.110825198501,5079.309
Maharashtra,2022,4501.75,4482.632190981045,4512.231137244885,4500.795
Maharashtra,2023,5001.7,5020.817809018953,5220.45039723554,5002.375
Manipur,2022,214.69,153.50109361938098,126.14249953943256,213.00372
Manipur,2023,159.32,220.50890638062106,154.31959287079894,160.31528
Meghalaya,2022,319.08,314.11948421688567,274.62917454613904,317.03192
Meghalaya,2023,305.83,310.7905157831144,295.029160414563,308.04507
Mizoram,2022,135.33,114.96917785611913,117.45834336238738,135.9479
Mizoram,2023,148.29,168.65082214388417,117.76985618290021,147.28316
Nagaland,2022,161.93,141.53911675296717,135.98061186621098,163.86545
Nagaland,2023,196.69,217.0808832470343,137.79957741692542,195.70105
Odisha,2022,3402.5,2997.5542045411294,3006.0048408936036,3402.5325
Odisha,2023,2868.83,3273.7757954588706,3116.3101871995204,2869.2437
Puducherry,2022,48.51,31.150400738999224,111.33155459254614,48.417408
Puducherry,2023,45.74,63.09959926100214,111.33155459254614,45.879536
Punjab,2022,1054.39,1220.2852613895534,972.3344603628087,1055.9896
Punjab,2023,1201.21,1035.3147386104458,1044.7502682238996,1199.7179
Rajasthan,2022,3726.21,3759.6314993678025,3146.2540253236184,3725.8042
Rajasthan,2023,4350.63,4317.208500632198,4389.762413210771,4350.5513
Sikkim,2022,88.69,59.69896154326193,111.33155459254614,88.49104
Sikkim,2023,55.69,84.68103845673977,111.33155459254614,56.033108
Tamil Nadu,2022,3191.84,2959.2684875490177,3131.2817254799434,3191.7678
Tamil Nadu,2023,2957.57,3190.141512450982,3151.075160196338,2957.678
Telangana,2022,2062.93,1620.286922588975,1636.1349303580425,2061.2415
Telangana,2023,1001.75,1444.3930774110233,1247.7625715489094,1002.2885
Tripura,2022,287.2,260.2639671786758,274.4181132213527,287.14777
Tripura,2023,277.62,304.55603282132665,295.029160414563,278.39795
Uttar Pradesh,2022,8828.29,8773.39437446857,7507.378191111111,8828.083
Uttar Pradesh,2023,9044.22,9099.115625531425,7486.189488888889,9043.261
Uttarakhand,2022,647.13,614.2855813071753,652.710925829062,648.342
Uttarakhand,2023,709.79,742.6344186928268,709.2056968776429,709.6972
West Bengal,2022,3509.86,3501.571934737216,2924.542241040771,3509.7927
West Bengal,2023,2817.75,2826.038065262783,2711.83210436847,2817.0537
